{
    "lorenz": {
        "standard_losses": [
            0.0212467900876488,
            0.014643308307443346,
            0.027917712926864624,
            0.021809764139886414,
            0.018008143108870302
        ],
        "predictive_losses": [
            0.00233822176232934,
            0.002957615219721837,
            0.0030403744895011187,
            0.005515729991852173,
            0.011341818741389684
        ],
        "t_stat": 5.6690921495914495,
        "p_value": 0.000470894070350834,
        "summary": {
            "standard_mean": 0.020725143714142698,
            "standard_std": 0.004417066503686814,
            "predictive_mean": 0.00503875204095883,
            "predictive_std": 0.003333876569052667
        }
    },
    "memory": {
        "standard_losses": [
            2.0460104601723805,
            1.7432505232947213,
            1.7333112273897444,
            1.6435306242534093,
            1.877407431602478
        ],
        "predictive_losses": [
            1.8147666624614172,
            1.6712135076522827,
            1.5965474503380912,
            1.5937418299061912,
            1.5646657347679138
        ],
        "t_stat": 1.9242289142920144,
        "p_value": 0.09052313876680435,
        "summary": {
            "standard_mean": 1.8087020533425466,
            "standard_std": 0.14020341605306857,
            "predictive_mean": 1.648187037025179,
            "predictive_std": 0.09042756812190679
        }
    },
    "language": {
        "standard_losses": [
            3.6991616121747275,
            3.2781087573279035,
            3.244067658077587,
            3.3335118727250532,
            2.6454054659063164
        ],
        "predictive_losses": [
            3.665314559232105,
            3.2665161004459318,
            3.2829327447847887,
            3.3347617496143687,
            2.702150187709115
        ],
        "t_stat": -0.04476059472284284,
        "p_value": 0.9653952427612655,
        "summary": {
            "standard_mean": 3.2400510732423173,
            "standard_std": 0.3389941965858586,
            "predictive_mean": 3.250335068357262,
            "predictive_std": 0.31021506734328186
        }
    }
}