{
    "switching_sine": {
        "standard_losses": [
            0.0034018753503914922,
            0.01367583726200142,
            0.0016783284247919386,
            0.0018889716136202747,
            0.003707790743127199
        ],
        "predictive_losses": [
            0.0036081791180809625,
            0.013188147922586982,
            0.0015344761569784687,
            0.0024523593435463098,
            0.003353439926286228
        ],
        "t_stat": 0.01402278830632528,
        "p_value": 0.9891552028249246,
        "summary": {
            "standard_mean": 0.004870560678786465,
            "standard_std": 0.004474867290568312,
            "predictive_mean": 0.004827320493495791,
            "predictive_std": 0.004243708972278696
        }
    },
    "lorenz": {
        "standard_losses": [
            0.0212467900876488,
            0.014643308307443346,
            0.027917712926864624,
            0.021809764139886414,
            0.018008143108870302
        ],
        "predictive_losses": [
            0.003899847589699285,
            0.008820110499592764,
            0.003468364859665079,
            0.005625276393922312,
            0.006926035375467369
        ],
        "t_stat": 6.1921720774557825,
        "p_value": 0.00026165138228869496,
        "summary": {
            "standard_mean": 0.020725143714142698,
            "standard_std": 0.004417066503686814,
            "predictive_mean": 0.005747926943669363,
            "predictive_std": 0.0019724652102946394
        }
    },
    "mixed_frequency": {
        "standard_losses": [
            5.8217448700556164e-05,
            2.6472196623217314e-05,
            7.153462917943086e-05,
            0.00035124346114961166,
            4.261700191169179e-05
        ],
        "predictive_losses": [
            2.7404694264987484e-05,
            2.459157544113363e-05,
            7.870031445885875e-05,
            3.8392652153821215e-05,
            7.882906252884172e-05
        ],
        "t_stat": 0.9751008198620315,
        "p_value": 0.3580693473034582,
        "summary": {
            "standard_mean": 0.00011001694751290155,
            "standard_std": 0.0001215539270045325,
            "predictive_mean": 4.9583659769528564e-05,
            "predictive_std": 2.4268591241504654e-05
        }
    },
    "memory": {
        "standard_losses": [
            2.0460104601723805,
            1.7432505232947213,
            1.7333112273897444,
            1.6435306242534093,
            1.877407431602478
        ],
        "predictive_losses": [
            1.9225881269999914,
            1.8168877874101912,
            1.8489372049059187,
            1.5563979744911194,
            1.9323161244392395
        ],
        "t_stat": -0.06868246715445571,
        "p_value": 0.9469280518542861,
        "summary": {
            "standard_mean": 1.8087020533425466,
            "standard_std": 0.14020341605306857,
            "predictive_mean": 1.815425443649292,
            "predictive_std": 0.13665114586328497
        }
    },
    "language": {
        "standard_losses": [
            3.6991616121747275,
            3.2781087573279035,
            3.244067658077587,
            3.3335118727250532,
            2.6454054659063164
        ],
        "predictive_losses": [
            3.774809863079678,
            3.253661038184708,
            3.2317324932664633,
            3.65329588543285,
            2.70594521002336
        ],
        "t_stat": -0.33117784159029157,
        "p_value": 0.7490183326288617,
        "summary": {
            "standard_mean": 3.2400510732423173,
            "standard_std": 0.3389941965858586,
            "predictive_mean": 3.323888897997412,
            "predictive_std": 0.37606324916316747
        }
    }
}