{
    "switching_sine": {
        "standard_losses": [
            0.0034018753503914922,
            0.01367583726200142,
            0.0016783284247919386,
            0.0018889716136202747,
            0.003707790743127199
        ],
        "predictive_losses": [
            0.003593115981077842,
            0.013072281158071877,
            0.0015282862836361996,
            0.002492728036096586,
            0.003365815132773215
        ],
        "t_stat": 0.01960260266214778,
        "p_value": 0.9848404777070399,
        "summary": {
            "standard_mean": 0.004870560678786465,
            "standard_std": 0.004474867290568312,
            "predictive_mean": 0.0048104453183311436,
            "predictive_std": 0.00419454788649708
        }
    },
    "lorenz": {
        "standard_losses": [
            0.0212467900876488,
            0.014643308307443346,
            0.027917712926864624,
            0.021809764139886414,
            0.018008143108870302
        ],
        "predictive_losses": [
            0.009175850610647882,
            0.014524328455861126,
            0.015809943367327963,
            0.0348307548889092,
            0.01677981418158327
        ],
        "t_stat": 0.5122223168166241,
        "p_value": 0.6223332991587205,
        "summary": {
            "standard_mean": 0.020725143714142698,
            "standard_std": 0.004417066503686814,
            "predictive_mean": 0.01822413830086589,
            "predictive_std": 0.008709239081057333
        }
    },
    "mixed_frequency": {
        "standard_losses": [
            5.8217448700556164e-05,
            2.6472196623217314e-05,
            7.153462917943086e-05,
            0.00035124346114961166,
            4.261700191169179e-05
        ],
        "predictive_losses": [
            3.568124715716944e-05,
            8.414412669870737e-05,
            5.527278335648589e-05,
            8.231227119332678e-05,
            6.469305506990557e-05
        ],
        "t_stat": 0.7421355687531294,
        "p_value": 0.4792250035953477,
        "summary": {
            "standard_mean": 0.00011001694751290155,
            "standard_std": 0.0001215539270045325,
            "predictive_mean": 6.4420696695119e-05,
            "predictive_std": 1.79935354303215e-05
        }
    },
    "memory": {
        "standard_losses": [
            2.0460104601723805,
            1.7432505232947213,
            1.7333112273897444,
            1.6435306242534093,
            1.877407431602478
        ],
        "predictive_losses": [
            1.7231152057647705,
            1.9640980788639613,
            1.897573368889945,
            1.6624229635511125,
            1.9008584363119942
        ],
        "t_stat": -0.22997789409833178,
        "p_value": 0.8238803548931761,
        "summary": {
            "standard_mean": 1.8087020533425466,
            "standard_std": 0.14020341605306857,
            "predictive_mean": 1.8296136106763565,
            "predictive_std": 0.11582318320170162
        }
    },
    "language": {
        "standard_losses": [
            3.6991616121747275,
            3.2781087573279035,
            3.244067658077587,
            3.3335118727250532,
            2.6454054659063164
        ],
        "predictive_losses": [
            3.7298417951573026,
            3.25483702165498,
            3.2268868544858624,
            3.577287283810702,
            2.7251426469195974
        ],
        "t_stat": -0.25898399251389637,
        "p_value": 0.8021868578245035,
        "summary": {
            "standard_mean": 3.2400510732423173,
            "standard_std": 0.3389941965858586,
            "predictive_mean": 3.302799120405689,
            "predictive_std": 0.34625402071384315
        }
    }
}