{
    "lorenz": {
        "standard_losses": [
            0.0212467900876488,
            0.014643308307443346,
            0.027917712926864624,
            0.021809764139886414,
            0.018008143108870302
        ],
        "predictive_losses": [
            5.771680150713239,
            6.808061361312866,
            7.107653685978481,
            4.525065660476685,
            4.41361539704459
        ],
        "t_stat": -10.207277673258362,
        "p_value": 7.281215793700334e-06,
        "summary": {
            "standard_mean": 0.020725143714142698,
            "standard_std": 0.004417066503686814,
            "predictive_mean": 5.725215251105173,
            "predictive_std": 1.1177212468732938
        }
    },
    "memory": {
        "standard_losses": [
            2.0460104601723805,
            1.7432505232947213,
            1.7333112273897444,
            1.6435306242534093,
            1.877407431602478
        ],
        "predictive_losses": [
            1.2516119394983565,
            1.305329978466034,
            1.2930582932063512,
            1.1246812726770128,
            1.161370873451233
        ],
        "t_stat": 7.380009210783405,
        "p_value": 7.766821669293751e-05,
        "summary": {
            "standard_mean": 1.8087020533425466,
            "standard_std": 0.14020341605306857,
            "predictive_mean": 1.2272104714597976,
            "predictive_std": 0.07194597127715953
        }
    },
    "language": {
        "standard_losses": [
            3.6991616121747275,
            3.2781087573279035,
            3.244067658077587,
            3.3335118727250532,
            2.6454054659063164
        ],
        "predictive_losses": [
            3.790685245936567,
            3.3917089091105894,
            3.828471386974508,
            4.644524373791435,
            2.6502665281295776
        ],
        "t_stat": -1.150116781538201,
        "p_value": 0.2833130380113381,
        "summary": {
            "standard_mean": 3.2400510732423173,
            "standard_std": 0.3389941965858586,
            "predictive_mean": 3.6611312887885354,
            "predictive_std": 0.6490431232080875
        }
    }
}