{
    "switching_sine": {
        "standard_losses": [
            0.0034018753503914922,
            0.01367583726200142,
            0.0016783284247919386,
            0.0018889716136202747,
            0.003707790743127199
        ],
        "predictive_losses": [
            0.003845539873249696,
            0.013093622879491054,
            0.0020096867977242383,
            0.0021415413315740545,
            0.004646513386562999
        ],
        "t_stat": -0.09124239819454581,
        "p_value": 0.9295432715753067,
        "summary": {
            "standard_mean": 0.004870560678786465,
            "standard_std": 0.004474867290568312,
            "predictive_mean": 0.005147380853720408,
            "predictive_std": 0.004098014536629755
        }
    },
    "lorenz": {
        "standard_losses": [
            0.0212467900876488,
            0.014643308307443346,
            0.027917712926864624,
            0.021809764139886414,
            0.018008143108870302
        ],
        "predictive_losses": [
            0.034790714138320515,
            0.010407159271250879,
            0.004525163061251598,
            0.08510128994073186,
            0.024108448731047765
        ],
        "t_stat": -0.7625609880226328,
        "p_value": 0.46761134285713113,
        "summary": {
            "standard_mean": 0.020725143714142698,
            "standard_std": 0.004417066503686814,
            "predictive_mean": 0.03178655502852052,
            "predictive_std": 0.028672988340843326
        }
    },
    "mixed_frequency": {
        "standard_losses": [
            5.8217448700556164e-05,
            2.6472196623217314e-05,
            7.153462917943086e-05,
            0.00035124346114961166,
            4.261700191169179e-05
        ],
        "predictive_losses": [
            5.556912063704138e-05,
            4.568898969280001e-05,
            3.479819783283996e-05,
            0.00016565412157173602,
            8.811761134503675e-05
        ],
        "t_stat": 0.4914256497632645,
        "p_value": 0.63632338856551,
        "summary": {
            "standard_mean": 0.00011001694751290155,
            "standard_std": 0.0001215539270045325,
            "predictive_mean": 7.796560821589082e-05,
            "predictive_std": 4.732683513700413e-05
        }
    },
    "memory": {
        "standard_losses": [
            2.0460104601723805,
            1.7432505232947213,
            1.7333112273897444,
            1.6435306242534093,
            1.877407431602478
        ],
        "predictive_losses": [
            1.6544054576328822,
            1.590886081968035,
            1.6686613048825945,
            1.4812150682721819,
            1.4049610921314784
        ],
        "t_stat": 2.869527509162978,
        "p_value": 0.020844050209895996,
        "summary": {
            "standard_mean": 1.8087020533425466,
            "standard_std": 0.14020341605306857,
            "predictive_mean": 1.5600258009774346,
            "predictive_std": 0.10189970045193161
        }
    },
    "language": {
        "standard_losses": [
            3.6991616121747275,
            3.2781087573279035,
            3.244067658077587,
            3.3335118727250532,
            2.6454054659063164
        ],
        "predictive_losses": [
            3.6695524989203974,
            3.3125235709277066,
            3.269152731380679,
            3.3226307359608738,
            2.690661609172821
        ],
        "t_stat": -0.05549186756881031,
        "p_value": 0.9571074620411817,
        "summary": {
            "standard_mean": 3.2400510732423173,
            "standard_std": 0.3389941965858586,
            "predictive_mean": 3.2529042292724952,
            "predictive_std": 0.3157191188104586
        }
    }
}