{
    "lorenz": {
        "standard_losses": [
            0.0212467900876488,
            0.014643308307443346,
            0.027917712926864624,
            0.021809764139886414,
            0.018008143108870302
        ],
        "predictive_losses": [
            0.007504316778587443,
            0.0027637045797226684,
            0.0073621966460320565,
            0.004405896062962711,
            0.0028850612829306294
        ],
        "t_stat": 6.446925438745376,
        "p_value": 0.0001989581179732043,
        "summary": {
            "standard_mean": 0.020725143714142698,
            "standard_std": 0.004417066503686814,
            "predictive_mean": 0.004984235070047102,
            "predictive_std": 0.0020821755607380085
        }
    },
    "memory": {
        "standard_losses": [
            2.0460104601723805,
            1.7432505232947213,
            1.7333112273897444,
            1.6435306242534093,
            1.877407431602478
        ],
        "predictive_losses": [
            1.7082151515143258,
            1.8558529104505266,
            1.713754483631679,
            1.6444477524076189,
            1.5483112675803048
        ],
        "t_stat": 1.3286509810855014,
        "p_value": 0.22061046579070862,
        "summary": {
            "standard_mean": 1.8087020533425466,
            "standard_std": 0.14020341605306857,
            "predictive_mean": 1.694116313116891,
            "predictive_std": 0.10046814333831801
        }
    },
    "language": {
        "standard_losses": [
            3.6991616121747275,
            3.2781087573279035,
            3.244067658077587,
            3.3335118727250532,
            2.6454054659063164
        ],
        "predictive_losses": [
            3.677587338469245,
            3.3219469413161278,
            3.1938669922846286,
            3.343932579864155,
            2.664262749932029
        ],
        "t_stat": -0.0011349775225700542,
        "p_value": 0.9991222108184327,
        "summary": {
            "standard_mean": 3.2400510732423173,
            "standard_std": 0.3389941965858586,
            "predictive_mean": 3.240319320373237,
            "predictive_std": 0.32942406919533906
        }
    }
}