{
    "lorenz": {
        "standard_losses": [
            0.0212467900876488,
            0.014643308307443346,
            0.027917712926864624,
            0.021809764139886414,
            0.018008143108870302
        ],
        "predictive_losses": [
            0.02494427202535527,
            0.019179503300360272,
            0.06610437801906041,
            0.02242255849497659,
            0.00841277465224266
        ],
        "t_stat": -0.7393558451919925,
        "p_value": 0.4808199947137233,
        "summary": {
            "standard_mean": 0.020725143714142698,
            "standard_std": 0.004417066503686814,
            "predictive_mean": 0.028212697298399043,
            "predictive_std": 0.019766756484385042
        }
    },
    "memory": {
        "standard_losses": [
            2.0460104601723805,
            1.7432505232947213,
            1.7333112273897444,
            1.6435306242534093,
            1.877407431602478
        ],
        "predictive_losses": [
            1.945026431764875,
            1.914192489215306,
            1.7543680497578211,
            1.6932113000324793,
            1.7875156147139413
        ],
        "t_stat": -0.11965369499049087,
        "p_value": 0.9077077528475468,
        "summary": {
            "standard_mean": 1.8087020533425466,
            "standard_std": 0.14020341605306857,
            "predictive_mean": 1.8188627770968846,
            "predictive_std": 0.09584939217776456
        }
    },
    "language": {
        "standard_losses": [
            3.6991616121747275,
            3.2781087573279035,
            3.244067658077587,
            3.3335118727250532,
            2.6454054659063164
        ],
        "predictive_losses": [
            3.6662715700539676,
            3.251006145368923,
            3.2095149418508466,
            3.349926856431094,
            2.5388550758361816
        ],
        "t_stat": 0.14749533925564715,
        "p_value": 0.8863906209949024,
        "summary": {
            "standard_mean": 3.2400510732423173,
            "standard_std": 0.3389941965858586,
            "predictive_mean": 3.203114917908203,
            "predictive_std": 0.3686850953004283
        }
    }
}