{
    "switching_sine": {
        "standard_losses": [
            0.0034018753503914922,
            0.01367583726200142,
            0.0016783284247919386,
            0.0018889716136202747,
            0.003707790743127199
        ],
        "predictive_losses": [
            0.003624122924520634,
            0.012907768850189833,
            0.0014932815351390413,
            0.0024005864231315044,
            0.003381095843256584
        ],
        "t_stat": 0.035810619068555136,
        "p_value": 0.9723107950438291,
        "summary": {
            "standard_mean": 0.004870560678786465,
            "standard_std": 0.004474867290568312,
            "predictive_mean": 0.004761371115247519,
            "predictive_std": 0.00414284933821633
        }
    },
    "lorenz": {
        "standard_losses": [
            0.0212467900876488,
            0.014643308307443346,
            0.027917712926864624,
            0.021809764139886414,
            0.018008143108870302
        ],
        "predictive_losses": [
            0.02448077712740217,
            0.015334671030619315,
            0.00741590978577733,
            0.019537820647071515,
            0.010544142652569073
        ],
        "t_stat": 1.3954263490653387,
        "p_value": 0.20040268034434475,
        "summary": {
            "standard_mean": 0.020725143714142698,
            "standard_std": 0.004417066503686814,
            "predictive_mean": 0.015462664248687882,
            "predictive_std": 0.006113783671446826
        }
    },
    "mixed_frequency": {
        "standard_losses": [
            5.8217448700556164e-05,
            2.6472196623217314e-05,
            7.153462917943086e-05,
            0.00035124346114961166,
            4.261700191169179e-05
        ],
        "predictive_losses": [
            3.5040457792742276e-05,
            2.296579207593043e-05,
            3.266579941347507e-05,
            5.1797544918892004e-05,
            4.069864813313221e-05
        ],
        "t_stat": 1.2037463825638612,
        "p_value": 0.26309428044858496,
        "summary": {
            "standard_mean": 0.00011001694751290155,
            "standard_std": 0.0001215539270045325,
            "predictive_mean": 3.66336484668344e-05,
            "predictive_std": 9.503266373751287e-06
        }
    },
    "memory": {
        "standard_losses": [
            2.0460104601723805,
            1.7432505232947213,
            1.7333112273897444,
            1.6435306242534093,
            1.877407431602478
        ],
        "predictive_losses": [
            1.739815090383802,
            1.92927052293505,
            1.8474604402269637,
            1.701475398881095,
            1.7941240412848336
        ],
        "t_stat": 0.07763263508136231,
        "p_value": 0.9400268358422954,
        "summary": {
            "standard_mean": 1.8087020533425466,
            "standard_std": 0.14020341605306857,
            "predictive_mean": 1.8024290987423488,
            "predictive_std": 0.08037127116689106
        }
    },
    "language": {
        "standard_losses": [
            3.6991616121747275,
            3.2781087573279035,
            3.244067658077587,
            3.3335118727250532,
            2.6454054659063164
        ],
        "predictive_losses": [
            3.8958815444599497,
            3.319286401298913,
            3.2335437930358406,
            3.6025227308273315,
            2.722481147809462
        ],
        "t_stat": -0.4423498555372202,
        "p_value": 0.6699511294074563,
        "summary": {
            "standard_mean": 3.2400510732423173,
            "standard_std": 0.3389941965858586,
            "predictive_mean": 3.354743123486299,
            "predictive_std": 0.3924097825499824
        }
    }
}