{
    "switching_sine": {
        "standard_losses": [
            0.0034018753503914922,
            0.01367583726200142,
            0.0016783284247919386,
            0.0018889716136202747,
            0.003707790743127199
        ],
        "predictive_losses": [
            0.0034981709291709456,
            0.013130898786974805,
            0.001370008328064744,
            0.002417017356492579,
            0.003372122918205735
        ],
        "t_stat": 0.03656838010323213,
        "p_value": 0.9717251757055227,
        "summary": {
            "standard_mean": 0.004870560678786465,
            "standard_std": 0.004474867290568312,
            "predictive_mean": 0.004757643663781762,
            "predictive_std": 0.004256100218319603
        }
    },
    "lorenz": {
        "standard_losses": [
            0.0212467900876488,
            0.014643308307443346,
            0.027917712926864624,
            0.021809764139886414,
            0.018008143108870302
        ],
        "predictive_losses": [
            0.008535040409437247,
            0.02498825972101518,
            0.0069234367193920275,
            0.018502977876258746,
            0.010745786662612642
        ],
        "t_stat": 1.6729269288163897,
        "p_value": 0.1328798959368632,
        "summary": {
            "standard_mean": 0.020725143714142698,
            "standard_std": 0.004417066503686814,
            "predictive_mean": 0.013939100277743168,
            "predictive_std": 0.006804903426292958
        }
    },
    "mixed_frequency": {
        "standard_losses": [
            5.8217448700556164e-05,
            2.6472196623217314e-05,
            7.153462917943086e-05,
            0.00035124346114961166,
            4.261700191169179e-05
        ],
        "predictive_losses": [
            2.1294969319082418e-05,
            2.473736601262187e-05,
            4.2438268272755e-05,
            5.21741999364167e-05,
            0.00011554995372924688
        ],
        "t_stat": 0.9311676445723739,
        "p_value": 0.37901008488225185,
        "summary": {
            "standard_mean": 0.00011001694751290155,
            "standard_std": 0.0001215539270045325,
            "predictive_mean": 5.1238951454024575e-05,
            "predictive_std": 3.409753018865222e-05
        }
    },
    "memory": {
        "standard_losses": [
            2.0460104601723805,
            1.7432505232947213,
            1.7333112273897444,
            1.6435306242534093,
            1.877407431602478
        ],
        "predictive_losses": [
            1.7044703704970223,
            1.8817835535321916,
            1.998851043837411,
            1.6031760488237654,
            1.891778520175389
        ],
        "t_stat": -0.07318600495152366,
        "p_value": 0.9434548688439179,
        "summary": {
            "standard_mean": 1.8087020533425466,
            "standard_std": 0.14020341605306857,
            "predictive_mean": 1.8160119073731562,
            "predictive_std": 0.14229353886254528
        }
    },
    "language": {
        "standard_losses": [
            3.6991616121747275,
            3.2781087573279035,
            3.244067658077587,
            3.3335118727250532,
            2.6454054659063164
        ],
        "predictive_losses": [
            3.6890780587087977,
            3.2548717128282245,
            3.2297488574192603,
            3.6166350570592014,
            2.7126737995581194
        ],
        "t_stat": -0.24947812408219977,
        "p_value": 0.8092772017504901,
        "summary": {
            "standard_mean": 3.2400510732423173,
            "standard_std": 0.3389941965858586,
            "predictive_mean": 3.3006014971147204,
            "predictive_std": 0.34743676754081426
        }
    }
}