{
    "switching_sine": {
        "standard_losses": [
            0.0034018753503914922,
            0.01367583726200142,
            0.0016783284247919386,
            0.0018889716136202747,
            0.003707790743127199
        ],
        "predictive_losses": [
            0.0035966499417554587,
            0.013264099154704516,
            0.0014558495853894524,
            0.0023748832837944584,
            0.0033933659163137364
        ],
        "t_stat": 0.01728507270863182,
        "p_value": 0.9866325074564039,
        "summary": {
            "standard_mean": 0.004870560678786465,
            "standard_std": 0.004474867290568312,
            "predictive_mean": 0.004816969576391524,
            "predictive_std": 0.004292568894237568
        }
    },
    "lorenz": {
        "standard_losses": [
            0.0212467900876488,
            0.014643308307443346,
            0.027917712926864624,
            0.021809764139886414,
            0.018008143108870302
        ],
        "predictive_losses": [
            0.005144231520327074,
            0.014364198648503848,
            0.006931060259895665,
            0.005615061348570245,
            0.006645560331110444
        ],
        "t_stat": 4.671361045211218,
        "p_value": 0.001599690981334912,
        "summary": {
            "standard_mean": 0.020725143714142698,
            "standard_std": 0.004417066503686814,
            "predictive_mean": 0.007740022421681455,
            "predictive_std": 0.003375961128232649
        }
    },
    "mixed_frequency": {
        "standard_losses": [
            5.8217448700556164e-05,
            2.6472196623217314e-05,
            7.153462917943086e-05,
            0.00035124346114961166,
            4.261700191169179e-05
        ],
        "predictive_losses": [
            5.4932439005434776e-05,
            4.6788261118178654e-05,
            6.398517715362167e-05,
            7.252332943608053e-05,
            0.00018093232730669634
        ],
        "t_stat": 0.39923203792578943,
        "p_value": 0.7001678997079004,
        "summary": {
            "standard_mean": 0.00011001694751290155,
            "standard_std": 0.0001215539270045325,
            "predictive_mean": 8.383230680400239e-05,
            "predictive_std": 4.931060572663625e-05
        }
    },
    "memory": {
        "standard_losses": [
            2.0460104601723805,
            1.7432505232947213,
            1.7333112273897444,
            1.6435306242534093,
            1.877407431602478
        ],
        "predictive_losses": [
            1.727417724473136,
            1.847423791885376,
            2.0135329961776733,
            1.6395992125783647,
            2.0436122247150967
        ],
        "t_stat": -0.43323098494755286,
        "p_value": 0.6762909080434979,
        "summary": {
            "standard_mean": 1.8087020533425466,
            "standard_std": 0.14020341605306857,
            "predictive_mean": 1.8543171899659292,
            "predictive_std": 0.15712230027669813
        }
    },
    "language": {
        "standard_losses": [
            3.6991616121747275,
            3.2781087573279035,
            3.244067658077587,
            3.3335118727250532,
            2.6454054659063164
        ],
        "predictive_losses": [
            3.7406418350609867,
            3.251229404048486,
            3.225112859498371,
            3.6059433709491384,
            2.7343841195106506
        ],
        "t_stat": -0.292806411950343,
        "p_value": 0.7771211476485297,
        "summary": {
            "standard_mean": 3.2400510732423173,
            "standard_std": 0.3389941965858586,
            "predictive_mean": 3.3114623178135263,
            "predictive_std": 0.3507185847625024
        }
    }
}