{
    "switching_sine": {
        "standard_losses": [
            0.0034018753503914922,
            0.01367583726200142,
            0.0016783284247919386,
            0.0018889716136202747,
            0.003707790743127199
        ],
        "predictive_losses": [
            0.003003066752821074,
            0.012791840105949501,
            0.0018119314544102444,
            0.00208198613004892,
            0.0033322236434157404
        ],
        "t_stat": 0.08745769774346651,
        "p_value": 0.9324572409759729,
        "summary": {
            "standard_mean": 0.004870560678786465,
            "standard_std": 0.004474867290568312,
            "predictive_mean": 0.004604209617329096,
            "predictive_std": 0.004132247051362853
        }
    },
    "lorenz": {
        "standard_losses": [
            0.0212467900876488,
            0.014643308307443346,
            0.027917712926864624,
            0.021809764139886414,
            0.018008143108870302
        ],
        "predictive_losses": [
            0.013985593404088701,
            0.006867531587236694,
            0.03431643332753863,
            0.010478861629962921,
            0.028896418267062733
        ],
        "t_stat": 0.3126244781136369,
        "p_value": 0.7625598966492381,
        "summary": {
            "standard_mean": 0.020725143714142698,
            "standard_std": 0.004417066503686814,
            "predictive_mean": 0.018908967643177937,
            "predictive_std": 0.010746549700818234
        }
    },
    "mixed_frequency": {
        "standard_losses": [
            5.8217448700556164e-05,
            2.6472196623217314e-05,
            7.153462917943086e-05,
            0.00035124346114961166,
            4.261700191169179e-05
        ],
        "predictive_losses": [
            8.07407585463287e-05,
            2.7260904711770957e-05,
            8.390235910025825e-05,
            0.0002399593816205327,
            9.575524018146098e-05
        ],
        "t_stat": 0.06378273425741038,
        "p_value": 0.950708154894353,
        "summary": {
            "standard_mean": 0.00011001694751290155,
            "standard_std": 0.0001215539270045325,
            "predictive_mean": 0.00010552372883207031,
            "predictive_std": 7.123919847348886e-05
        }
    },
    "memory": {
        "standard_losses": [
            2.0460104601723805,
            1.7432505232947213,
            1.7333112273897444,
            1.6435306242534093,
            1.877407431602478
        ],
        "predictive_losses": [
            2.07673226084028,
            1.8527873413903373,
            1.9637127774102348,
            1.6278449382100786,
            1.881019013268607
        ],
        "t_stat": -0.7027060369755628,
        "p_value": 0.5021710494791427,
        "summary": {
            "standard_mean": 1.8087020533425466,
            "standard_std": 0.14020341605306857,
            "predictive_mean": 1.8804192662239079,
            "predictive_std": 0.14834707614183545
        }
    },
    "language": {
        "standard_losses": [
            3.6991616121747275,
            3.2781087573279035,
            3.244067658077587,
            3.3335118727250532,
            2.6454054659063164
        ],
        "predictive_losses": [
            3.641712634570219,
            3.262385974638164,
            3.299361079253934,
            3.5328870686617764,
            2.600985299457203
        ],
        "t_stat": -0.1105343136352191,
        "p_value": 0.9147083233647642,
        "summary": {
            "standard_mean": 3.2400510732423173,
            "standard_std": 0.3389941965858586,
            "predictive_mean": 3.267466411316259,
            "predictive_std": 0.362145968943507
        }
    }
}